-- MariaDB seed: data.sql
-- Insert fake lorem ipsum data into all tables.

USE app_store;

-- categories
INSERT INTO categories (name, description, sort_order) VALUES
    ('Electronics', 'Lorem ipsum dolor sit amet consectetur adipiscing elit', 1),
    ('Books', 'Sed do eiusmod tempor incididunt ut labore et dolore magna aliqua', 2),
    ('Clothing', 'Ut enim ad minim veniam quis nostrud exercitation ullamco laboris', 3),
    ('Home & Garden', 'Duis aute irure dolor in reprehenderit in voluptate velit esse', 4),
    ('Sports', 'Excepteur sint occaecat cupidatat non proident sunt in culpa', 5);

-- suppliers
INSERT INTO suppliers (name, contact_email, contact_phone, address, country, active) VALUES
    ('Acme Corp', 'sales@acme.example.com', '+1-555-0101', '100 Main St, Springfield', 'US', TRUE),
    ('Global Widgets Ltd', 'info@globalwidgets.example.com', '+44-20-7946-0958', '10 Downing Ave, London', 'UK', TRUE),
    ('East Trade Co', 'contact@easttrade.example.com', '+86-10-5555-1234', '88 Nanjing Rd, Shanghai', 'CN', TRUE),
    ('Nordic Supply', 'hello@nordicsupply.example.com', '+46-8-123-4567', '5 Storgatan, Stockholm', 'SE', TRUE),
    ('Pacific Distributors', 'orders@pacificdist.example.com', '+61-2-9876-5432', '42 Harbor Rd, Sydney', 'AU', FALSE);

-- products (60 rows)
INSERT INTO products (name, description, price, sku, category, stock_quantity) VALUES
    ('Widget Alpha', 'Lorem ipsum dolor sit amet consectetur adipiscing elit sed do eiusmod tempor', 29.99, 'WGT-A001', 'Electronics', 150),
    ('Widget Beta', 'Ut enim ad minim veniam quis nostrud exercitation ullamco laboris nisi', 49.99, 'WGT-B002', 'Electronics', 85),
    ('Widget Gamma', 'Duis aute irure dolor in reprehenderit in voluptate velit esse cillum', 19.99, 'WGT-G003', 'Electronics', 200),
    ('Widget Delta', 'Excepteur sint occaecat cupidatat non proident sunt in culpa qui officia', 39.99, 'WGT-D004', 'Electronics', 120),
    ('Gadget Pro', 'Sed ut perspiciatis unde omnis iste natus error sit voluptatem accusantium', 99.99, 'GDG-P005', 'Electronics', 45),
    ('Gadget Lite', 'Nemo enim ipsam voluptatem quia voluptas sit aspernatur aut odit aut fugit', 59.99, 'GDG-L006', 'Electronics', 90),
    ('Gadget Ultra', 'Neque porro quisquam est qui dolorem ipsum quia dolor sit amet consectetur', 149.99, 'GDG-U007', 'Electronics', 30),
    ('Book: Patterns', 'Quis autem vel eum iure reprehenderit qui in ea voluptate velit esse', 34.99, 'BK-P008', 'Books', 500),
    ('Book: Algorithms', 'At vero eos et accusamus et iusto odio dignissimos ducimus qui blanditiis', 44.99, 'BK-A009', 'Books', 350),
    ('Book: Systems', 'Nam libero tempore cum soluta nobis est eligendi optio cumque nihil impedit', 39.99, 'BK-S010', 'Books', 275),
    ('Book: Networks', 'Temporibus autem quibusdam et aut officiis debitis aut rerum necessitatibus', 29.99, 'BK-N011', 'Books', 420),
    ('Book: Data', 'Et harum quidem rerum facilis est et expedita distinctio nam libero', 54.99, 'BK-D012', 'Books', 180),
    ('T-Shirt Basic', 'Lorem ipsum dolor sit amet consectetur adipiscing elit pellentesque', 14.99, 'TS-B013', 'Clothing', 1000),
    ('T-Shirt Premium', 'Sed do eiusmod tempor incididunt ut labore et dolore magna aliqua enim', 24.99, 'TS-P014', 'Clothing', 750),
    ('Hoodie Standard', 'Ut enim ad minim veniam quis nostrud exercitation ullamco laboris', 44.99, 'HD-S015', 'Clothing', 300),
    ('Hoodie Deluxe', 'Duis aute irure dolor in reprehenderit in voluptate velit esse cillum dolore', 64.99, 'HD-D016', 'Clothing', 150),
    ('Cap Simple', 'Excepteur sint occaecat cupidatat non proident sunt in culpa qui', 9.99, 'CP-S017', 'Clothing', 2000),
    ('Garden Tool Set', 'Sed ut perspiciatis unde omnis iste natus error sit voluptatem', 79.99, 'GT-S018', 'Home & Garden', 60),
    ('Plant Pot Large', 'Nemo enim ipsam voluptatem quia voluptas sit aspernatur aut odit', 19.99, 'PP-L019', 'Home & Garden', 400),
    ('Plant Pot Small', 'Neque porro quisquam est qui dolorem ipsum quia dolor sit amet', 9.99, 'PP-S020', 'Home & Garden', 800),
    ('Watering Can', 'Quis autem vel eum iure reprehenderit qui in ea voluptate velit', 14.99, 'WC-001', 'Home & Garden', 350),
    ('Garden Gloves', 'At vero eos et accusamus et iusto odio dignissimos ducimus qui', 7.99, 'GG-001', 'Home & Garden', 600),
    ('Soccer Ball', 'Nam libero tempore cum soluta nobis est eligendi optio cumque', 24.99, 'SB-001', 'Sports', 200),
    ('Basketball', 'Temporibus autem quibusdam et aut officiis debitis aut rerum', 29.99, 'BB-001', 'Sports', 180),
    ('Tennis Racket', 'Et harum quidem rerum facilis est et expedita distinctio', 89.99, 'TR-001', 'Sports', 75),
    ('Yoga Mat', 'Itaque earum rerum hic tenetur a sapiente delectus ut aut reiciendis', 29.99, 'YM-001', 'Sports', 400),
    ('Dumbbell Set', 'Voluptatibus maiores alias consequatur aut perferendis doloribus', 59.99, 'DB-001', 'Sports', 100),
    ('Jump Rope', 'Asperiores repellat sed ut perspiciatis unde omnis iste natus error', 12.99, 'JR-001', 'Sports', 500),
    ('Resistance Band', 'Natus error sit voluptatem accusantium doloremque laudantium totam', 8.99, 'RB-001', 'Sports', 800),
    ('Foam Roller', 'Rem aperiam eaque ipsa quae ab illo inventore veritatis et quasi', 19.99, 'FR-001', 'Sports', 250),
    ('Desk Lamp', 'Architecto beatae vitae dicta sunt explicabo nemo enim ipsam voluptatem', 34.99, 'DL-001', 'Home & Garden', 175),
    ('Bookshelf', 'Quia voluptas sit aspernatur aut odit aut fugit sed quia consequuntur', 119.99, 'BS-001', 'Home & Garden', 40),
    ('Desk Organizer', 'Magni dolores eos qui ratione voluptatem sequi nesciunt neque porro', 24.99, 'DO-001', 'Home & Garden', 300),
    ('USB Hub', 'Quisquam est qui dolorem ipsum quia dolor sit amet consectetur adipisci', 19.99, 'UH-001', 'Electronics', 500),
    ('Mouse Pad', 'Velit ut labore et dolore magnam aliquam quaerat voluptatem ut enim ad', 9.99, 'MP-001', 'Electronics', 1200),
    ('Webcam HD', 'Minima veniam quis nostrum exercitationem ullam corporis suscipit', 49.99, 'WC-HD01', 'Electronics', 150),
    ('Keyboard Wireless', 'Laboriosam nisi ut aliquid ex ea commodi consequatur quis autem vel', 69.99, 'KB-W001', 'Electronics', 100),
    ('Monitor Stand', 'Eum iure reprehenderit qui in ea voluptate velit esse quam nihil', 39.99, 'MS-001', 'Electronics', 200),
    ('Cable Organizer', 'Molestiae non recusandae itaque earum rerum hic tenetur a sapiente', 14.99, 'CO-001', 'Electronics', 450),
    ('Power Strip', 'Delectus ut aut reiciendis voluptatibus maiores alias consequatur', 24.99, 'PS-001', 'Electronics', 350),
    ('Notebook Classic', 'Aut perferendis doloribus asperiores repellat sed perspiciatis', 6.99, 'NB-C001', 'Books', 900),
    ('Notebook Premium', 'Unde omnis iste natus error sit voluptatem accusantium doloremque', 12.99, 'NB-P001', 'Books', 600),
    ('Pen Set Deluxe', 'Laudantium totam rem aperiam eaque ipsa quae ab illo inventore', 19.99, 'PN-D001', 'Books', 400),
    ('Highlighter Pack', 'Veritatis et quasi architecto beatae vitae dicta sunt explicabo', 7.99, 'HL-P001', 'Books', 700),
    ('Backpack Sport', 'Nemo enim ipsam voluptatem quia voluptas sit aspernatur aut', 49.99, 'BP-S001', 'Sports', 250),
    ('Water Bottle', 'Odit aut fugit sed quia consequuntur magni dolores eos qui', 14.99, 'WB-001', 'Sports', 600),
    ('Running Shoes', 'Ratione voluptatem sequi nesciunt neque porro quisquam est qui', 89.99, 'RS-001', 'Sports', 120),
    ('Fitness Tracker', 'Dolorem ipsum quia dolor sit amet consectetur adipisci velit sed', 129.99, 'FT-001', 'Electronics', 80),
    ('Smart Watch', 'Quia non numquam eius modi tempora incidunt ut labore et dolore', 199.99, 'SW-001', 'Electronics', 50),
    ('Earbuds Wireless', 'Magnam aliquam quaerat voluptatem ut enim ad minima veniam quis', 79.99, 'EB-001', 'Electronics', 300),
    ('Laptop Stand', 'Nostrum exercitationem ullam corporis suscipit laboriosam nisi ut', 44.99, 'LS-001', 'Electronics', 175),
    ('Desk Chair', 'Aliquid ex ea commodi consequatur quis autem vel eum iure reprehenderit', 249.99, 'DC-001', 'Home & Garden', 25),
    ('Floor Mat', 'Qui in ea voluptate velit esse quam nihil molestiae consequatur vel', 34.99, 'FM-001', 'Home & Garden', 200),
    ('Curtain Set', 'Illum qui dolorem eum fugiat quo voluptas nulla pariatur at vero eos', 59.99, 'CS-001', 'Home & Garden', 100),
    ('Pillow Memory Foam', 'Et accusamus et iusto odio dignissimos ducimus qui blanditiis praesentium', 39.99, 'PM-001', 'Home & Garden', 300),
    ('Blanket Fleece', 'Voluptatum deleniti atque corrupti quos dolores et quas molestias', 29.99, 'BF-001', 'Home & Garden', 250),
    ('Candle Set', 'Excepturi sint occaecati cupiditate non provident similique sunt in', 16.99, 'CAN-001', 'Home & Garden', 500),
    ('Picture Frame', 'Culpa qui officia deserunt mollitia animi id est laborum et dolorum', 11.99, 'PF-001', 'Home & Garden', 400),
    ('Coat Rack', 'Fuga et harum quidem rerum facilis est et expedita distinctio nam', 44.99, 'CR-001', 'Home & Garden', 80),
    ('Shoe Rack', 'Libero tempore cum soluta nobis est eligendi optio cumque nihil impedit', 34.99, 'SR-001', 'Home & Garden', 120);

-- users (60 rows)
INSERT INTO users (name, email, bio, phone, city, country) VALUES
    ('Alice Johnson', 'alice@example.com', 'Ut enim ad minim veniam quis nostrud exercitation ullamco laboris', '+1-555-0201', 'New York', 'US'),
    ('Bob Smith', 'bob@example.com', 'Duis aute irure dolor in reprehenderit in voluptate velit esse', '+1-555-0202', 'Chicago', 'US'),
    ('Carol Williams', 'carol@example.com', 'Excepteur sint occaecat cupidatat non proident sunt in culpa qui', '+1-555-0203', 'Los Angeles', 'US'),
    ('David Brown', 'david@example.com', 'Sed ut perspiciatis unde omnis iste natus error sit voluptatem', '+1-555-0204', 'Houston', 'US'),
    ('Eva Martinez', 'eva@example.com', 'Nemo enim ipsam voluptatem quia voluptas sit aspernatur aut odit', '+1-555-0205', 'Phoenix', 'US'),
    ('Frank Garcia', 'frank@example.com', 'Neque porro quisquam est qui dolorem ipsum quia dolor sit amet', '+1-555-0206', 'Philadelphia', 'US'),
    ('Grace Lee', 'grace@example.com', 'Quis autem vel eum iure reprehenderit qui in ea voluptate velit', '+1-555-0207', 'San Antonio', 'US'),
    ('Henry Wilson', 'henry@example.com', 'At vero eos et accusamus et iusto odio dignissimos ducimus qui', '+44-20-7946-0001', 'London', 'UK'),
    ('Irene Taylor', 'irene@example.com', 'Nam libero tempore cum soluta nobis est eligendi optio cumque nihil', '+44-20-7946-0002', 'Manchester', 'UK'),
    ('Jack Anderson', 'jack@example.com', 'Temporibus autem quibusdam et aut officiis debitis aut rerum', '+44-20-7946-0003', 'Birmingham', 'UK'),
    ('Karen Thomas', 'karen@example.com', 'Et harum quidem rerum facilis est et expedita distinctio nam libero', '+49-30-1234-5678', 'Berlin', 'DE'),
    ('Leo Jackson', 'leo@example.com', 'Itaque earum rerum hic tenetur a sapiente delectus ut aut reiciendis', '+49-89-9876-5432', 'Munich', 'DE'),
    ('Mia White', 'mia@example.com', 'Voluptatibus maiores alias consequatur aut perferendis doloribus', '+33-1-2345-6789', 'Paris', 'FR'),
    ('Noah Harris', 'noah@example.com', 'Asperiores repellat sed ut perspiciatis unde omnis iste natus error', '+33-4-5678-9012', 'Lyon', 'FR'),
    ('Olivia Clark', 'olivia@example.com', 'Rem aperiam eaque ipsa quae ab illo inventore veritatis et quasi', '+61-2-9876-5432', 'Sydney', 'AU'),
    ('Peter Lewis', 'peter@example.com', 'Architecto beatae vitae dicta sunt explicabo nemo enim ipsam', '+61-3-1234-5678', 'Melbourne', 'AU'),
    ('Quinn Walker', 'quinn@example.com', 'Quia voluptas sit aspernatur aut odit aut fugit sed quia', '+81-3-1234-5678', 'Tokyo', 'JP'),
    ('Rachel Hall', 'rachel@example.com', 'Consequuntur magni dolores eos qui ratione voluptatem sequi', '+81-6-9876-5432', 'Osaka', 'JP'),
    ('Sam Young', 'sam@example.com', 'Nesciunt neque porro quisquam est qui dolorem ipsum quia dolor sit', '+55-11-1234-5678', 'Sao Paulo', 'BR'),
    ('Tina King', 'tina@example.com', 'Amet consectetur adipisci velit sed quia non numquam eius modi', '+55-21-9876-5432', 'Rio de Janeiro', 'BR'),
    ('Uma Wright', 'uma@example.com', 'Tempora incidunt ut labore et dolore magnam aliquam quaerat voluptatem', '+1-555-0221', 'Dallas', 'US'),
    ('Victor Lopez', 'victor@example.com', 'Ut enim ad minima veniam quis nostrum exercitationem ullam corporis', '+1-555-0222', 'San Diego', 'US'),
    ('Wendy Hill', 'wendy@example.com', 'Suscipit laboriosam nisi ut aliquid ex ea commodi consequatur', '+1-555-0223', 'San Jose', 'US'),
    ('Xavier Scott', 'xavier@example.com', 'Quis autem vel eum iure reprehenderit qui in ea voluptate velit', '+1-555-0224', 'Austin', 'US'),
    ('Yara Green', 'yara@example.com', 'Esse quam nihil molestiae consequatur vel illum qui dolorem eum', '+1-555-0225', 'Jacksonville', 'US'),
    ('Zane Adams', 'zane@example.com', 'Fugiat quo voluptas nulla pariatur at vero eos et accusamus', '+1-555-0226', 'San Francisco', 'US'),
    ('Aria Nelson', 'aria@example.com', 'Et iusto odio dignissimos ducimus qui blanditiis praesentium', '+1-555-0227', 'Columbus', 'US'),
    ('Blake Carter', 'blake@example.com', 'Voluptatum deleniti atque corrupti quos dolores et quas molestias', '+1-555-0228', 'Charlotte', 'US'),
    ('Chloe Mitchell', 'chloe@example.com', 'Excepturi sint occaecati cupiditate non provident similique sunt', '+1-555-0229', 'Fort Worth', 'US'),
    ('Dean Perez', 'dean@example.com', 'In culpa qui officia deserunt mollitia animi id est laborum et', '+1-555-0230', 'Indianapolis', 'US'),
    ('Elena Roberts', 'elena@example.com', 'Dolorum fuga et harum quidem rerum facilis est et expedita', '+34-91-1234-5678', 'Madrid', 'ES'),
    ('Finn Turner', 'finn@example.com', 'Distinctio nam libero tempore cum soluta nobis est eligendi optio', '+34-93-9876-5432', 'Barcelona', 'ES'),
    ('Greta Phillips', 'greta@example.com', 'Cumque nihil impedit quo minus id quod maxime placeat facere', '+39-06-1234-5678', 'Rome', 'IT'),
    ('Hugo Campbell', 'hugo@example.com', 'Possimus omnis voluptas assumenda est omnis dolor repellendus', '+39-02-9876-5432', 'Milan', 'IT'),
    ('Isla Parker', 'isla@example.com', 'Temporibus autem quibusdam et aut officiis debitis aut rerum', '+31-20-1234-5678', 'Amsterdam', 'NL'),
    ('Jay Evans', 'jay@example.com', 'Necessitatibus saepe eveniet ut et voluptates repudiandae sint', '+31-10-9876-5432', 'Rotterdam', 'NL'),
    ('Kira Edwards', 'kira@example.com', 'Et molestiae non recusandae itaque earum rerum hic tenetur', '+82-2-1234-5678', 'Seoul', 'KR'),
    ('Liam Collins', 'liam@example.com', 'A sapiente delectus ut aut reiciendis voluptatibus maiores alias', '+82-51-9876-5432', 'Busan', 'KR'),
    ('Maya Stewart', 'maya@example.com', 'Consequatur aut perferendis doloribus asperiores repellat', '+65-6234-5678', 'Singapore', 'SG'),
    ('Nico Sanchez', 'nico@example.com', 'Sed ut perspiciatis unde omnis iste natus error sit voluptatem', '+52-55-1234-5678', 'Mexico City', 'MX'),
    ('Opal Morris', 'opal@example.com', 'Accusantium doloremque laudantium totam rem aperiam eaque ipsa', '+1-555-0241', 'Denver', 'US'),
    ('Pablo Rogers', 'pablo@example.com', 'Quae ab illo inventore veritatis et quasi architecto beatae vitae', '+1-555-0242', 'Nashville', 'US'),
    ('Quinn Reed', 'quinnr@example.com', 'Dicta sunt explicabo nemo enim ipsam voluptatem quia voluptas', '+1-555-0243', 'Oklahoma City', 'US'),
    ('Rosa Cook', 'rosa@example.com', 'Sit aspernatur aut odit aut fugit sed quia consequuntur magni', '+1-555-0244', 'Las Vegas', 'US'),
    ('Sean Morgan', 'sean@example.com', 'Dolores eos qui ratione voluptatem sequi nesciunt neque porro', '+1-555-0245', 'Portland', 'US'),
    ('Tara Bell', 'tara@example.com', 'Quisquam est qui dolorem ipsum quia dolor sit amet consectetur', '+1-555-0246', 'Memphis', 'US'),
    ('Ulric Murphy', 'ulric@example.com', 'Adipisci velit sed quia non numquam eius modi tempora incidunt', '+1-555-0247', 'Louisville', 'US'),
    ('Vera Bailey', 'vera@example.com', 'Ut labore et dolore magnam aliquam quaerat voluptatem ut enim ad', '+1-555-0248', 'Baltimore', 'US'),
    ('Walt Rivera', 'walt@example.com', 'Minima veniam quis nostrum exercitationem ullam corporis suscipit', '+1-555-0249', 'Milwaukee', 'US'),
    ('Xena Cooper', 'xena@example.com', 'Laboriosam nisi ut aliquid ex ea commodi consequatur quis autem', '+1-555-0250', 'Albuquerque', 'US'),
    ('Yosef Richardson', 'yosef@example.com', 'Vel eum iure reprehenderit qui in ea voluptate velit esse quam', '+1-555-0251', 'Tucson', 'US'),
    ('Zara Cox', 'zara@example.com', 'Nihil molestiae consequatur vel illum qui dolorem eum fugiat quo', '+1-555-0252', 'Fresno', 'US'),
    ('Adam Howard', 'adam.h@example.com', 'Voluptas nulla pariatur at vero eos et accusamus et iusto odio', '+1-555-0253', 'Sacramento', 'US'),
    ('Beth Ward', 'beth@example.com', 'Dignissimos ducimus qui blanditiis praesentium voluptatum deleniti', '+1-555-0254', 'Mesa', 'US'),
    ('Carl Torres', 'carl@example.com', 'Atque corrupti quos dolores et quas molestias excepturi sint', '+1-555-0255', 'Atlanta', 'US'),
    ('Dana Peterson', 'dana@example.com', 'Occaecati cupiditate non provident similique sunt in culpa qui', '+1-555-0256', 'Kansas City', 'US'),
    ('Erik Gray', 'erik@example.com', 'Officia deserunt mollitia animi id est laborum et dolorum fuga et', '+1-555-0257', 'Omaha', 'US'),
    ('Faye Ramirez', 'faye@example.com', 'Harum quidem rerum facilis est et expedita distinctio nam libero', '+1-555-0258', 'Colorado Springs', 'US'),
    ('Greg James', 'greg@example.com', 'Tempore cum soluta nobis est eligendi optio cumque nihil impedit quo', '+1-555-0259', 'Raleigh', 'US'),
    ('Hope Watson', 'hope@example.com', 'Minus id quod maxime placeat facere possimus omnis voluptas assumenda', '+1-555-0260', 'Long Beach', 'US');

-- orders (50 rows)
INSERT INTO orders (user_id, product_id, quantity, total_price, status) VALUES
    (1, 1, 2, 59.98, 'completed'), (1, 8, 1, 34.99, 'completed'), (2, 5, 1, 99.99, 'shipped'),
    (3, 13, 3, 44.97, 'completed'), (4, 18, 1, 79.99, 'pending'), (5, 23, 2, 49.98, 'completed'),
    (6, 25, 1, 89.99, 'shipped'), (7, 48, 1, 129.99, 'completed'), (8, 50, 1, 79.99, 'completed'),
    (9, 34, 2, 39.98, 'shipped'), (10, 37, 1, 69.99, 'pending'), (11, 3, 5, 99.95, 'completed'),
    (12, 15, 1, 44.99, 'completed'), (13, 26, 1, 29.99, 'shipped'), (14, 41, 3, 20.97, 'completed'),
    (15, 9, 1, 44.99, 'pending'), (16, 7, 1, 149.99, 'completed'), (17, 49, 1, 199.99, 'shipped'),
    (18, 52, 1, 249.99, 'completed'), (19, 14, 2, 49.98, 'completed'), (20, 30, 1, 19.99, 'pending'),
    (21, 2, 1, 49.99, 'completed'), (22, 16, 1, 64.99, 'shipped'), (23, 44, 2, 15.98, 'completed'),
    (24, 36, 1, 49.99, 'completed'), (25, 11, 1, 29.99, 'pending'), (26, 47, 1, 14.99, 'completed'),
    (27, 6, 2, 119.98, 'shipped'), (28, 39, 1, 14.99, 'completed'), (29, 22, 3, 44.97, 'completed'),
    (30, 28, 1, 29.99, 'pending'), (31, 4, 1, 39.99, 'completed'), (32, 17, 5, 49.95, 'shipped'),
    (33, 33, 1, 24.99, 'completed'), (34, 45, 1, 49.99, 'completed'), (35, 10, 2, 79.98, 'pending'),
    (36, 21, 1, 14.99, 'completed'), (37, 38, 1, 39.99, 'shipped'), (38, 51, 1, 44.99, 'completed'),
    (39, 19, 4, 79.96, 'completed'), (40, 27, 1, 8.99, 'pending'), (41, 46, 2, 29.98, 'completed'),
    (42, 12, 1, 54.99, 'shipped'), (43, 35, 1, 9.99, 'completed'), (44, 24, 1, 29.99, 'completed'),
    (45, 40, 1, 24.99, 'pending'), (46, 31, 1, 34.99, 'completed'), (47, 53, 1, 59.99, 'shipped'),
    (48, 20, 6, 59.94, 'completed'), (49, 43, 2, 39.98, 'completed');

-- reviews (30 rows)
INSERT INTO reviews (user_id, product_id, rating, comment) VALUES
    (1, 1, 5, 'Lorem ipsum dolor sit amet consectetur adipiscing elit'),
    (2, 5, 4, 'Sed do eiusmod tempor incididunt ut labore et dolore magna aliqua'),
    (3, 13, 5, 'Ut enim ad minim veniam quis nostrud exercitation'),
    (4, 18, 3, 'Duis aute irure dolor in reprehenderit in voluptate velit'),
    (5, 23, 4, 'Excepteur sint occaecat cupidatat non proident'),
    (6, 25, 5, 'Sed ut perspiciatis unde omnis iste natus error'),
    (7, 48, 4, 'Nemo enim ipsam voluptatem quia voluptas sit aspernatur'),
    (8, 50, 3, 'Neque porro quisquam est qui dolorem ipsum quia'),
    (9, 34, 5, 'Quis autem vel eum iure reprehenderit qui in ea voluptate'),
    (10, 37, 4, 'At vero eos et accusamus et iusto odio dignissimos'),
    (1, 8, 5, 'Nam libero tempore cum soluta nobis est eligendi'),
    (2, 3, 4, 'Temporibus autem quibusdam et aut officiis debitis'),
    (3, 15, 3, 'Et harum quidem rerum facilis est et expedita distinctio'),
    (4, 7, 5, 'Itaque earum rerum hic tenetur a sapiente delectus'),
    (5, 49, 4, 'Voluptatibus maiores alias consequatur aut perferendis'),
    (11, 1, 4, 'Doloribus asperiores repellat sed ut perspiciatis unde'),
    (12, 5, 3, 'Omnis iste natus error sit voluptatem accusantium'),
    (13, 23, 5, 'Doloremque laudantium totam rem aperiam eaque ipsa'),
    (14, 8, 4, 'Quae ab illo inventore veritatis et quasi architecto'),
    (15, 48, 5, 'Beatae vitae dicta sunt explicabo nemo enim ipsam'),
    (16, 2, 3, 'Voluptatem quia voluptas sit aspernatur aut odit'),
    (17, 14, 4, 'Aut fugit sed quia consequuntur magni dolores eos qui'),
    (18, 6, 5, 'Ratione voluptatem sequi nesciunt neque porro quisquam'),
    (19, 31, 4, 'Est qui dolorem ipsum quia dolor sit amet consectetur'),
    (20, 44, 3, 'Adipisci velit sed quia non numquam eius modi tempora'),
    (21, 52, 5, 'Incidunt ut labore et dolore magnam aliquam quaerat'),
    (22, 16, 4, 'Voluptatem ut enim ad minima veniam quis nostrum'),
    (23, 9, 5, 'Exercitationem ullam corporis suscipit laboriosam nisi'),
    (24, 36, 3, 'Ut aliquid ex ea commodi consequatur quis autem vel'),
    (25, 10, 4, 'Eum iure reprehenderit qui in ea voluptate velit esse');

USE analytics;

-- events (100 rows)
INSERT INTO events (event_type, payload, source, session_id, user_id, created_at) VALUES
    ('page_view', '{"page": "/home", "referrer": "google.com"}', 'web', 'sess-001', 1, '2026-03-01 10:00:00'),
    ('page_view', '{"page": "/products", "referrer": "/home"}', 'web', 'sess-001', 1, '2026-03-01 10:01:00'),
    ('click', '{"element": "buy-btn", "product_id": 1}', 'web', 'sess-001', 1, '2026-03-01 10:02:00'),
    ('purchase', '{"product_id": 1, "amount": 29.99}', 'web', 'sess-001', 1, '2026-03-01 10:03:00'),
    ('page_view', '{"page": "/home", "referrer": "twitter.com"}', 'web', 'sess-002', 2, '2026-03-01 11:00:00'),
    ('page_view', '{"page": "/categories", "referrer": "/home"}', 'web', 'sess-002', 2, '2026-03-01 11:01:00'),
    ('search', '{"query": "wireless keyboard", "results": 5}', 'web', 'sess-002', 2, '2026-03-01 11:02:00'),
    ('page_view', '{"page": "/product/37", "referrer": "/search"}', 'web', 'sess-002', 2, '2026-03-01 11:03:00'),
    ('click', '{"element": "add-cart", "product_id": 37}', 'web', 'sess-002', 2, '2026-03-01 11:04:00'),
    ('page_view', '{"page": "/home"}', 'mobile', 'sess-003', 3, '2026-03-01 12:00:00'),
    ('page_view', '{"page": "/deals", "referrer": "/home"}', 'mobile', 'sess-003', 3, '2026-03-01 12:01:00'),
    ('click', '{"element": "deal-card", "deal_id": 42}', 'mobile', 'sess-003', 3, '2026-03-01 12:02:00'),
    ('page_view', '{"page": "/home", "referrer": "facebook.com"}', 'web', 'sess-004', 4, '2026-03-02 09:00:00'),
    ('signup', '{"method": "email"}', 'web', 'sess-004', 4, '2026-03-02 09:05:00'),
    ('page_view', '{"page": "/onboarding", "step": 1}', 'web', 'sess-004', 4, '2026-03-02 09:06:00'),
    ('page_view', '{"page": "/home", "referrer": "bing.com"}', 'web', 'sess-005', 5, '2026-03-02 10:00:00'),
    ('search', '{"query": "yoga mat", "results": 3}', 'web', 'sess-005', 5, '2026-03-02 10:01:00'),
    ('page_view', '{"page": "/product/26", "referrer": "/search"}', 'web', 'sess-005', 5, '2026-03-02 10:02:00'),
    ('purchase', '{"product_id": 26, "amount": 29.99}', 'web', 'sess-005', 5, '2026-03-02 10:03:00'),
    ('page_view', '{"page": "/home"}', 'mobile', 'sess-006', 6, '2026-03-02 14:00:00'),
    ('page_view', '{"page": "/categories"}', 'mobile', 'sess-006', 6, '2026-03-02 14:01:00'),
    ('page_view', '{"page": "/category/sports"}', 'mobile', 'sess-006', 6, '2026-03-02 14:02:00'),
    ('click', '{"element": "product-card", "product_id": 23}', 'mobile', 'sess-006', 6, '2026-03-02 14:03:00'),
    ('purchase', '{"product_id": 23, "amount": 24.99}', 'mobile', 'sess-006', 6, '2026-03-02 14:05:00'),
    ('page_view', '{"page": "/home"}', 'web', 'sess-007', 7, '2026-03-03 08:00:00'),
    ('page_view', '{"page": "/deals"}', 'web', 'sess-007', 7, '2026-03-03 08:01:00'),
    ('page_view', '{"page": "/product/48"}', 'web', 'sess-007', 7, '2026-03-03 08:03:00'),
    ('purchase', '{"product_id": 48, "amount": 129.99}', 'web', 'sess-007', 7, '2026-03-03 08:10:00'),
    ('page_view', '{"page": "/home"}', 'web', 'sess-008', 8, '2026-03-03 10:00:00'),
    ('search', '{"query": "book algorithms", "results": 2}', 'web', 'sess-008', 8, '2026-03-03 10:01:00'),
    ('page_view', '{"page": "/product/9"}', 'web', 'sess-008', 8, '2026-03-03 10:02:00'),
    ('page_view', '{"page": "/home"}', 'mobile', 'sess-009', 9, '2026-03-04 09:00:00'),
    ('page_view', '{"page": "/orders"}', 'mobile', 'sess-009', 9, '2026-03-04 09:01:00'),
    ('page_view', '{"page": "/order/3"}', 'mobile', 'sess-009', 9, '2026-03-04 09:02:00'),
    ('page_view', '{"page": "/home"}', 'web', 'sess-010', 10, '2026-03-04 11:00:00'),
    ('page_view', '{"page": "/products"}', 'web', 'sess-010', 10, '2026-03-04 11:01:00'),
    ('page_view', '{"page": "/product/37"}', 'web', 'sess-010', 10, '2026-03-04 11:02:00'),
    ('purchase', '{"product_id": 37, "amount": 69.99}', 'web', 'sess-010', 10, '2026-03-04 11:05:00'),
    ('page_view', '{"page": "/home"}', 'web', 'sess-011', 11, '2026-03-05 08:00:00'),
    ('page_view', '{"page": "/categories"}', 'web', 'sess-011', 11, '2026-03-05 08:01:00'),
    ('search', '{"query": "monitor stand", "results": 1}', 'web', 'sess-011', 11, '2026-03-05 08:02:00'),
    ('page_view', '{"page": "/product/38"}', 'web', 'sess-011', 11, '2026-03-05 08:03:00'),
    ('click', '{"element": "buy-btn", "product_id": 38}', 'web', 'sess-011', 11, '2026-03-05 08:04:00'),
    ('purchase', '{"product_id": 38, "amount": 39.99}', 'web', 'sess-011', 11, '2026-03-05 08:05:00'),
    ('page_view', '{"page": "/home"}', 'mobile', 'sess-012', 12, '2026-03-05 12:00:00'),
    ('page_view', '{"page": "/deals"}', 'mobile', 'sess-012', 12, '2026-03-05 12:01:00'),
    ('page_view', '{"page": "/product/15"}', 'mobile', 'sess-012', 12, '2026-03-05 12:02:00'),
    ('purchase', '{"product_id": 15, "amount": 44.99}', 'mobile', 'sess-012', 12, '2026-03-05 12:05:00'),
    ('page_view', '{"page": "/home"}', 'web', 'sess-013', 13, '2026-03-06 09:00:00'),
    ('page_view', '{"page": "/products"}', 'web', 'sess-013', 13, '2026-03-06 09:01:00'),
    ('search', '{"query": "earbuds", "results": 1}', 'web', 'sess-013', 13, '2026-03-06 09:02:00'),
    ('page_view', '{"page": "/product/50"}', 'web', 'sess-013', 13, '2026-03-06 09:03:00'),
    ('click', '{"element": "add-cart", "product_id": 50}', 'web', 'sess-013', 13, '2026-03-06 09:04:00'),
    ('purchase', '{"product_id": 50, "amount": 79.99}', 'web', 'sess-013', 13, '2026-03-06 09:10:00'),
    ('page_view', '{"page": "/home"}', 'web', 'sess-014', 14, '2026-03-06 14:00:00'),
    ('page_view', '{"page": "/category/books"}', 'web', 'sess-014', 14, '2026-03-06 14:01:00'),
    ('page_view', '{"page": "/product/8"}', 'web', 'sess-014', 14, '2026-03-06 14:02:00'),
    ('purchase', '{"product_id": 8, "amount": 34.99}', 'web', 'sess-014', 14, '2026-03-06 14:05:00'),
    ('page_view', '{"page": "/home"}', 'mobile', 'sess-015', 15, '2026-03-07 10:00:00'),
    ('page_view', '{"page": "/products"}', 'mobile', 'sess-015', 15, '2026-03-07 10:01:00'),
    ('page_view', '{"page": "/product/52"}', 'mobile', 'sess-015', 15, '2026-03-07 10:02:00'),
    ('purchase', '{"product_id": 52, "amount": 249.99}', 'mobile', 'sess-015', 15, '2026-03-07 10:10:00'),
    ('page_view', '{"page": "/home"}', 'web', 'sess-016', 16, '2026-03-07 15:00:00'),
    ('search', '{"query": "garden tools", "results": 2}', 'web', 'sess-016', 16, '2026-03-07 15:01:00'),
    ('page_view', '{"page": "/product/18"}', 'web', 'sess-016', 16, '2026-03-07 15:02:00'),
    ('click', '{"element": "buy-btn", "product_id": 18}', 'web', 'sess-016', 16, '2026-03-07 15:03:00'),
    ('page_view', '{"page": "/home"}', 'web', 'sess-017', 17, '2026-03-08 08:00:00'),
    ('page_view', '{"page": "/category/electronics"}', 'web', 'sess-017', 17, '2026-03-08 08:01:00'),
    ('page_view', '{"page": "/product/49"}', 'web', 'sess-017', 17, '2026-03-08 08:02:00'),
    ('purchase', '{"product_id": 49, "amount": 199.99}', 'web', 'sess-017', 17, '2026-03-08 08:10:00'),
    ('page_view', '{"page": "/home"}', 'mobile', 'sess-018', 18, '2026-03-08 11:00:00'),
    ('page_view', '{"page": "/deals"}', 'mobile', 'sess-018', 18, '2026-03-08 11:01:00'),
    ('page_view', '{"page": "/home"}', 'web', 'sess-019', 19, '2026-03-09 09:00:00'),
    ('search', '{"query": "running shoes", "results": 1}', 'web', 'sess-019', 19, '2026-03-09 09:01:00'),
    ('page_view', '{"page": "/product/47"}', 'web', 'sess-019', 19, '2026-03-09 09:02:00'),
    ('purchase', '{"product_id": 47, "amount": 89.99}', 'web', 'sess-019', 19, '2026-03-09 09:05:00'),
    ('page_view', '{"page": "/home"}', 'mobile', 'sess-020', 20, '2026-03-09 13:00:00'),
    ('page_view', '{"page": "/category/home"}', 'mobile', 'sess-020', 20, '2026-03-09 13:01:00'),
    ('page_view', '{"page": "/product/55"}', 'mobile', 'sess-020', 20, '2026-03-09 13:02:00'),
    ('purchase', '{"product_id": 55, "amount": 39.99}', 'mobile', 'sess-020', 20, '2026-03-09 13:05:00'),
    ('page_view', '{"page": "/home"}', 'web', 'sess-021', 21, '2026-03-10 10:00:00'),
    ('page_view', '{"page": "/products"}', 'web', 'sess-021', 21, '2026-03-10 10:01:00'),
    ('page_view', '{"page": "/product/2"}', 'web', 'sess-021', 21, '2026-03-10 10:02:00'),
    ('purchase', '{"product_id": 2, "amount": 49.99}', 'web', 'sess-021', 21, '2026-03-10 10:05:00'),
    ('page_view', '{"page": "/home"}', 'web', 'sess-022', 22, '2026-03-10 14:00:00'),
    ('search', '{"query": "hoodie", "results": 2}', 'web', 'sess-022', 22, '2026-03-10 14:01:00'),
    ('page_view', '{"page": "/product/16"}', 'web', 'sess-022', 22, '2026-03-10 14:02:00'),
    ('purchase', '{"product_id": 16, "amount": 64.99}', 'web', 'sess-022', 22, '2026-03-10 14:05:00'),
    ('page_view', '{"page": "/home"}', 'mobile', 'sess-023', 23, '2026-03-11 08:00:00'),
    ('page_view', '{"page": "/orders"}', 'mobile', 'sess-023', 23, '2026-03-11 08:01:00'),
    ('page_view', '{"page": "/home"}', 'web', 'sess-024', 24, '2026-03-11 12:00:00'),
    ('page_view', '{"page": "/products"}', 'web', 'sess-024', 24, '2026-03-11 12:01:00'),
    ('search', '{"query": "webcam", "results": 1}', 'web', 'sess-024', 24, '2026-03-11 12:02:00'),
    ('page_view', '{"page": "/product/36"}', 'web', 'sess-024', 24, '2026-03-11 12:03:00'),
    ('click', '{"element": "buy-btn", "product_id": 36}', 'web', 'sess-024', 24, '2026-03-11 12:04:00'),
    ('purchase', '{"product_id": 36, "amount": 49.99}', 'web', 'sess-024', 24, '2026-03-11 12:10:00'),
    ('page_view', '{"page": "/home"}', 'web', 'sess-025', 25, '2026-03-12 09:00:00'),
    ('page_view', '{"page": "/category/books"}', 'web', 'sess-025', 25, '2026-03-12 09:01:00'),
    ('page_view', '{"page": "/product/11"}', 'web', 'sess-025', 25, '2026-03-12 09:02:00'),
    ('purchase', '{"product_id": 11, "amount": 29.99}', 'web', 'sess-025', 25, '2026-03-12 09:05:00');

-- daily_stats (20 rows)
INSERT INTO daily_stats (stat_date, metric_name, metric_value, dimension) VALUES
    ('2026-03-01', 'page_views', 1523, 'web'),
    ('2026-03-01', 'page_views', 892, 'mobile'),
    ('2026-03-01', 'unique_visitors', 734, 'web'),
    ('2026-03-01', 'unique_visitors', 456, 'mobile'),
    ('2026-03-01', 'purchases', 42, 'total'),
    ('2026-03-01', 'revenue', 3567.89, 'total'),
    ('2026-03-02', 'page_views', 1678, 'web'),
    ('2026-03-02', 'page_views', 945, 'mobile'),
    ('2026-03-02', 'unique_visitors', 812, 'web'),
    ('2026-03-02', 'unique_visitors', 498, 'mobile'),
    ('2026-03-02', 'purchases', 56, 'total'),
    ('2026-03-02', 'revenue', 4892.34, 'total'),
    ('2026-03-03', 'page_views', 1432, 'web'),
    ('2026-03-03', 'page_views', 867, 'mobile'),
    ('2026-03-03', 'unique_visitors', 698, 'web'),
    ('2026-03-03', 'unique_visitors', 423, 'mobile'),
    ('2026-03-03', 'purchases', 38, 'total'),
    ('2026-03-03', 'revenue', 2987.56, 'total'),
    ('2026-03-04', 'page_views', 1890, 'web'),
    ('2026-03-04', 'page_views', 1023, 'mobile');

-- funnels (10 rows)
INSERT INTO funnels (funnel_name, step_number, step_name, user_count, conversion_rate, report_date) VALUES
    ('Purchase Funnel', 1, 'Homepage Visit', 5000, 100.00, '2026-03-01'),
    ('Purchase Funnel', 2, 'Product Page View', 2500, 50.00, '2026-03-01'),
    ('Purchase Funnel', 3, 'Add to Cart', 1200, 48.00, '2026-03-01'),
    ('Purchase Funnel', 4, 'Checkout Started', 800, 66.67, '2026-03-01'),
    ('Purchase Funnel', 5, 'Purchase Completed', 500, 62.50, '2026-03-01'),
    ('Signup Funnel', 1, 'Landing Page', 3000, 100.00, '2026-03-01'),
    ('Signup Funnel', 2, 'Form Started', 1500, 50.00, '2026-03-01'),
    ('Signup Funnel', 3, 'Email Verified', 900, 60.00, '2026-03-01'),
    ('Signup Funnel', 4, 'Profile Completed', 600, 66.67, '2026-03-01'),
    ('Search Funnel', 1, 'Search Performed', 2000, 100.00, '2026-03-01');
